fid,total_duration,air_time,distance_traveled,gallons_used,max_cht,max_rpm,avg_mpg,avg_speed
2025-11-06 14:23:18-08:00,972.0,0.0,0.0,0.0,325.4,2090.0,0.0,0.0
2025-11-22 13:05:14-08:00,288.0,0.0,0.0,0.3,350.6,1429.0,0.0,0.0
2025-11-29 12:30:35-08:00,432.0,0.0,0.0,0.5,347.0,2085.0,0.0,0.0
2026-01-03 14:45:42-08:00,684.0,0.0,0.0,0.5,285.8,1561.0,0.0,0.0
2026-01-04 14:43:52-08:00,216.0,0.0,0.0,0.1,242.6,1843.0,0.0,0.0
2026-01-10 12:11:22-08:00,504.0,0.0,0.3,0.3,329.0,2495.0,0.0,2.2
2026-01-10 14:05:33-08:00,360.0,0.0,0.1,0.3,327.2,2767.0,0.3,1.0
2026-01-31 16:45:19-08:00,828.0,108.0,3.1,0.8,419.0,2733.0,2.5,13.3
2026-02-07 15:30:08-08:00,288.0,0.0,0.1,0.2,267.8,1437.0,0.4,1.3
2026-02-13 16:03:49-08:00,396.0,0.0,0.0,0.3,341.6,2046.0,0.0,0.0
2026-02-13 17:11:43-08:00,720.0,36.0,1.4,0.6,386.6,2641.0,1.7,7.1
2026-02-20 15:42:49-08:00,2340.0,1440.0,64.4,5.3,420.8,2740.0,7.8,98.9
2026-02-22 15:00:12-08:00,2304.0,1440.0,59.9,4.7,433.4,2770.0,8.5,93.1
2026-02-28 09:33:49-08:00,2088.0,1476.0,64.0,4.7,419.0,2720.0,9.5,110.1
2026-02-28 10:59:48-08:00,2052.0,1584.0,68.0,4.8,417.2,2740.0,11.3,120.3
2026-03-10 16:31:52-07:00,1332.0,648.0,26.4,2.0,406.4,2765.0,7.8,72.0
2026-03-10 17:08:48-07:00,2196.0,1836.0,78.2,5.8,408.2,2797.0,10.2,128.9
2026-03-13 17:36:07-07:00,4176.0,3564.0,156.8,11.4,419.0,2737.0,11.4,134.9
2026-03-14 14:04:08-07:00,2448.0,2016.0,81.5,6.2,401.0,2742.0,10.4,120.2
2026-03-18 15:55:22-07:00,1656.0,1080.0,47.0,3.7,413.6,2764.0,8.4,102.8
2026-03-18 16:39:18-07:00,1224.0,792.0,33.8,2.9,420.8,2742.0,8.2,100.5
2026-03-21 16:01:08-07:00,2304.0,1800.0,82.7,6.2,392.0,2723.0,9.1,130.2
2026-04-03 13:17:48-07:00,3384.0,2700.0,125.0,9.7,395.6,2738.0,9.8,132.5
2026-04-09 15:15:49-07:00,2952.0,2340.0,101.7,7.1,397.4,2737.0,11.0,123.4
2026-04-13 17:09:03-07:00,2988.0,2088.0,95.3,3.3,379.4,2722.0,10.8,114.4
2026-04-13 17:49:08-07:00,5004.0,4572.0,187.1,5.9,381.2,2709.0,13.0,134.2
2026-04-18 08:46:35-07:00,5580.0,4824.0,220.3,13.0,401.0,2761.0,14.0,142.1
2026-04-24 15:47:53-07:00,864.0,360.0,13.2,1.3,388.4,2778.0,6.2,54.6
2026-04-29 17:25:12-07:00,360.0,0.0,0.1,0.2,307.4,2108.0,0.4,1.0
2026-04-29 17:54:35-07:00,1620.0,900.0,29.5,1.4,381.2,2710.0,7.2,65.1
2026-05-01 15:48:46-07:00,3528.0,2916.0,135.1,9.0,399.2,2776.0,11.6,138.1
2026-05-01 17:06:42-07:00,1620.0,1152.0,48.5,3.5,424.4,2698.0,8.7,108.2
2026-05-09 12:02:19-07:00,936.0,468.0,15.7,1.5,384.8,2741.0,6.8,60.9
2026-05-13 10:41:18-07:00,1980.0,1512.0,63.9,4.4,383.0,2719.0,11.0,116.4
2026-05-20 14:26:46-07:00,1296.0,792.0,28.6,2.6,395.6,2709.0,8.3,79.4
2026-05-27 14:09:49-07:00,4824.0,4248.0,186.6,12.1,395.6,2717.0,12.3,138.9
2026-05-29 09:50:03-07:00,3960.0,3348.0,171.2,9.0,386.6,2732.0,15.5,156.3
2026-05-29 12:28:18-07:00,5040.0,4212.0,171.5,10.9,413.6,2699.0,12.3,122.9
2026-06-03 20:37:18-07:00,1008.0,648.0,21.2,2.0,372.2,2793.0,9.0,76.3
2026-06-07 15:00:33-07:00,5076.0,4572.0,203.3,14.1,386.6,2717.0,12.0,144.3
2026-06-13 09:24:02-07:00,1404.0,1044.0,47.8,3.3,390.2,2769.0,11.7,123.6
2026-06-13 10:00:53-07:00,7524.0,7164.0,320.1,17.0,413.6,2736.0,16.5,153.5
2026-06-19 08:22:08-07:00,6372.0,5976.0,277.7,14.6,411.8,2728.0,16.3,157.3
2026-06-19 10:27:47-07:00,6696.0,6192.0,286.9,14.1,420.8,2694.0,17.2,154.3
2026-06-19 12:48:49-07:00,6840.0,5328.0,232.2,13.2,428.0,2752.0,14.0,122.4
2026-06-19 16:49:19-07:00,2556.0,1980.0,78.5,5.2,402.8,2706.0,11.4,109.9
2026-06-20 07:17:08-07:00,6768.0,6084.0,277.3,14.6,399.2,2782.0,15.8,147.7
2026-06-27 11:01:14-07:00,4968.0,4428.0,196.3,14.1,392.0,2756.0,11.6,141.8
2026-07-15 19:23:48-07:00,2340.0,1728.0,64.1,5.0,413.6,2780.0,9.8,99.3
2026-07-15 20:18:46-07:00,1656.0,1188.0,44.3,3.7,410.0,2678.0,9.0,96.2
2026-07-21 07:28:49-07:00,2232.0,1584.0,68.3,5.5,397.4,2749.0,10.2,110.0
2026-07-29 08:58:20-07:00,1980.0,1512.0,68.5,5.2,379.4,2715.0,10.0,124.9
2026-08-07 08:03:19-07:00,2844.0,2160.0,95.4,7.5,383.0,2766.0,10.3,120.8
2026-08-11 08:56:44-07:00,3240.0,2628.0,117.1,8.5,390.2,2718.0,11.1,130.4
2026-08-14 08:27:13-07:00,828.0,432.0,17.8,1.5,343.4,2773.0,8.0,77.1
2026-08-14 08:53:37-07:00,648.0,396.0,17.8,1.3,377.6,2717.0,9.0,100.6
2026-08-14 19:09:46-07:00,2736.0,2304.0,104.5,7.2,377.6,2732.0,11.5,137.3
2026-08-30 15:47:33-07:00,6192.0,5616.0,244.9,17.1,393.8,2746.0,12.3,142.6
2026-09-05 12:08:19-07:00,1116.0,504.0,16.8,1.6,392.0,2764.0,7.8,53.6
2026-09-05 16:12:16-07:00,756.0,396.0,13.9,1.3,372.2,2714.0,7.9,67.7
2026-09-07 15:44:49-07:00,1548.0,720.0,30.6,2.5,410.0,2729.0,6.9,72.0
2026-09-07 16:27:33-07:00,1260.0,1008.0,46.5,3.3,392.0,2774.0,11.0,132.9
2026-09-12 09:03:04-07:00,5400.0,5004.0,252.4,12.6,406.4,2768.0,17.2,167.7
2026-09-12 13:42:48-07:00,6192.0,5868.0,251.9,15.0,401.0,2702.0,14.3,146.2
2026-09-23 18:09:20-07:00,648.0,252.0,8.8,0.9,377.6,2812.0,5.8,48.6
2026-09-23 18:23:18-07:00,936.0,540.0,23.5,1.7,408.2,2721.0,9.8,92.2
2026-09-23 18:50:08-07:00,900.0,576.0,23.5,2.0,401.0,2692.5,7.7,92.9
2026-09-26 10:36:46-07:00,2448.0,1980.0,91.9,6.3,377.6,2788.5,11.5,134.2
